{
  "enabled_domains": {
    "stateless": true,
    "stateful": false
  },
  "epochs": {
    "stateless_epoch_bins": 3,
    "stateful_epoch_bins": 100,
    "delta_bin_ns": 10000.0,
    "stateless_epoch_ns": 30000.0,
    "stateful_epoch_ns": 1000000.0
  },
  "workload_realism": {
    "stateless": [
      {
        "domain": "stateless",
        "kind": "web_search",
        "source": "poisson_flow",
        "n_flows": 252,
        "target_gbps": 40.0,
        "realized_gbps_before": null,
        "realized_gbps": 47.84151626930806,
        "total_packets": 239327,
        "mean_pkt_bytes": 1499.2515595816603,
        "n_flows_realized": 252,
        "mean_flow_bytes": 1352069.218297223,
        "lambda_per_s": 3698.035523874236,
        "rate_error_fraction": 0.19603790673270147,
        "warn_rate_mismatch": true
      },
      {
        "domain": "stateless",
        "kind": "data_mining",
        "source": "poisson_flow",
        "n_flows": 1114,
        "target_gbps": 60.0,
        "realized_gbps_before": null,
        "realized_gbps": 53.91698643471689,
        "total_packets": 270260,
        "mean_pkt_bytes": 1496.2532561237326,
        "n_flows_realized": 1114,
        "mean_flow_bytes": 423187.1757628682,
        "lambda_per_s": 17722.65425217565,
        "rate_error_fraction": -0.10138355942138517,
        "warn_rate_mismatch": true
      }
    ]
  },
  "pcie": {
    "bandwidth_gbps": 128.0,
    "fifo_bytes": 262144,
    "total_accept_pkts": 0,
    "total_pcie_drops_stateless": 30831,
    "total_pcie_drops_stateful": 0
  },
  "stateless": {
    "domain": "stateless",
    "epochs": 2000,
    "aggregate_B_gen_GB": 0.763188783,
    "aggregate_B_adm_GB": 0.71643256,
    "aggregate_B_drop_GB": 0.046577882,
    "overall_drop_ratio": 0.06103061658860885,
    "mean_P_max": 0.10193920483887448,
    "p99_P_max": 0.49999999999992517,
    "mean_fairness_P": 0.31630133454854426,
    "mean_imbalance_B": 0.446887395783592,
    "total_reassignments": 65,
    "mean_lat_p50_ns": 29098.69419867876,
    "mean_lat_p95_ns": 201430.17080805826,
    "mean_lat_p99_ns": 202316.65548023762,
    "mean_lat_p999_ns": 202573.66169698237,
    "mean_lat_max_ns": 202610.67830401773,
    "worst_lat_p99_ns": 823283.825106584,
    "worst_lat_p999_ns": 823583.5966915832,
    "worst_lat_max_ns": 823586.4191299006
  }
}