config,sl_drop_ratio,sl_mean_Pmax,sl_p99_Pmax,sl_mean_fairness,sl_mean_imbalance,sl_total_reassign,sl_rate_err_max,sl_mean_lat_p99_us,sl_mean_lat_p999_us,sl_worst_lat_p99_us,sl_worst_lat_max_us,sf_drop_ratio,sf_mean_Pmax,sf_mean_fairness,sf_mean_imbalance,sf_handoffs_committed,sf_rate_err_max,sf_mean_lat_p99_us,sf_mean_lat_p999_us,sf_worst_lat_p99_us,sf_worst_lat_max_us
pred_greedy,0.2750605413429892,0.02475863907184218,0.4287179129463877,0.13385733360276247,0.22584221596435936,17,0.05464578945620931,3.0315579012846947,3.044645969474041,33.944248936298266,34.06042213389277,0.0,0.0,0.0,0.0,0,0.0,0.0,0.0,0.0,0.0
pred_oneshot,0.2750605413429892,0.02790667369976989,0.49999999999966666,0.136496202629312,0.22298722210476957,3,0.05464578945620931,3.0307655858027376,3.044074338082009,33.944248936298266,34.06042213389277,0.0,0.0,0.0,0.0,0,0.0,0.0,0.0,0.0,0.0
pred_qp_greedy,0.2750605413429892,0.02466003402262225,0.4001464843749466,0.13272658455467973,0.2279941995454012,200,0.05464578945620931,3.0404097654757734,3.05449792817856,34.69594952936158,34.911946008846165,0.0,0.0,0.0,0.0,0,0.0,0.0,0.0,0.0,0.0
pred_qp_oneshot,0.2750605413429892,0.02369934248148921,0.4169321986606679,0.13346392169047322,0.2284650512585292,28,0.05464578945620931,3.0317203953956504,3.0445451145997096,33.944248936298266,34.1489503656975,0.0,0.0,0.0,0.0,0,0.0,0.0,0.0,0.0,0.0
qp_greedy,0.2750605413429892,0.02378943359290362,0.49999999999966666,0.12994574769769776,0.23335648785132776,361,0.05464578945620931,3.09940969518411,3.114835859554171,39.219111953643484,39.23949296273291,0.0,0.0,0.0,0.0,0,0.0,0.0,0.0,0.0,0.0
qp_oneshot,0.2750605413429892,0.025599951900183177,0.49999999999966666,0.12793515895646942,0.2397016466106409,56,0.05464578945620931,3.0385236319308455,3.052145561353472,34.413280777168296,34.67133185476624,0.0,0.0,0.0,0.0,0,0.0,0.0,0.0,0.0,0.0
static,0.2750605413429892,0.026712708358388255,0.49999999999966666,0.13789793178952028,0.22092340130334293,0,0.05464578945620931,3.0297401120865874,3.043294482925816,33.944248936298266,34.06042213389277,0.0,0.0,0.0,0.0,0,0.0,0.0,0.0,0.0,0.0
