{
  "pred_greedy": {
    "enabled_domains": {
      "stateless": true,
      "stateful": false
    },
    "epochs": {
      "stateless_epoch_bins": 3,
      "stateful_epoch_bins": 100,
      "delta_bin_ns": 10000.0,
      "stateless_epoch_ns": 30000.0,
      "stateful_epoch_ns": 1000000.0
    },
    "workload_realism": {
      "stateless": [
        {
          "domain": "stateless",
          "kind": "hadoop",
          "source": "hal_composite",
          "n_flows": 596,
          "target_gbps": 10.9,
          "realized_gbps_before": null,
          "realized_gbps": 10.304360894927319,
          "total_packets": 51976,
          "mean_pkt_bytes": 1486.8921810066183,
          "hal_mu": -4.18,
          "hal_sigma": 6.56,
          "hal_layer1_mean_gbps": 10.111206550417656,
          "hal_layer1_max_gbps": 100.0,
          "hal_link_clip_gbps": 100.0,
          "hal_rate_update_ns": 1000000.0,
          "mean_flow_bytes": 129668.97315436242,
          "rate_error_fraction": -0.05464578945620931,
          "warn_rate_mismatch": true
        }
      ]
    },
    "pcie": {
      "bandwidth_gbps": 64.0,
      "fifo_bytes": 262144,
      "total_accept_pkts": 0,
      "total_pcie_drops_stateless": 14348,
      "total_pcie_drops_stateful": 0
    },
    "stateless": {
      "domain": "stateless",
      "epochs": 2000,
      "aggregate_B_gen_GB": 0.077266208,
      "aggregate_B_adm_GB": 0.056013323,
      "aggregate_B_drop_GB": 0.021252885,
      "overall_drop_ratio": 0.2750605413429892,
      "mean_P_max": 0.02475863907184218,
      "p99_P_max": 0.4287179129463877,
      "mean_fairness_P": 0.13385733360276247,
      "mean_imbalance_B": 0.22584221596435936,
      "total_reassignments": 17,
      "mean_lat_p50_ns": 2896.8038167902437,
      "mean_lat_p95_ns": 3006.3699076684215,
      "mean_lat_p99_ns": 3031.5579012846947,
      "mean_lat_p999_ns": 3044.645969474041,
      "mean_lat_max_ns": 3046.3077177678174,
      "worst_lat_p99_ns": 33944.24893629827,
      "worst_lat_p999_ns": 34045.24399952989,
      "worst_lat_max_ns": 34060.422133892775
    }
  },
  "pred_oneshot": {
    "enabled_domains": {
      "stateless": true,
      "stateful": false
    },
    "epochs": {
      "stateless_epoch_bins": 3,
      "stateful_epoch_bins": 100,
      "delta_bin_ns": 10000.0,
      "stateless_epoch_ns": 30000.0,
      "stateful_epoch_ns": 1000000.0
    },
    "workload_realism": {
      "stateless": [
        {
          "domain": "stateless",
          "kind": "hadoop",
          "source": "hal_composite",
          "n_flows": 596,
          "target_gbps": 10.9,
          "realized_gbps_before": null,
          "realized_gbps": 10.304360894927319,
          "total_packets": 51976,
          "mean_pkt_bytes": 1486.8921810066183,
          "hal_mu": -4.18,
          "hal_sigma": 6.56,
          "hal_layer1_mean_gbps": 10.111206550417656,
          "hal_layer1_max_gbps": 100.0,
          "hal_link_clip_gbps": 100.0,
          "hal_rate_update_ns": 1000000.0,
          "mean_flow_bytes": 129668.97315436242,
          "rate_error_fraction": -0.05464578945620931,
          "warn_rate_mismatch": true
        }
      ]
    },
    "pcie": {
      "bandwidth_gbps": 64.0,
      "fifo_bytes": 262144,
      "total_accept_pkts": 0,
      "total_pcie_drops_stateless": 14348,
      "total_pcie_drops_stateful": 0
    },
    "stateless": {
      "domain": "stateless",
      "epochs": 2000,
      "aggregate_B_gen_GB": 0.077266208,
      "aggregate_B_adm_GB": 0.056013323,
      "aggregate_B_drop_GB": 0.021252885,
      "overall_drop_ratio": 0.2750605413429892,
      "mean_P_max": 0.02790667369976989,
      "p99_P_max": 0.49999999999966666,
      "mean_fairness_P": 0.136496202629312,
      "mean_imbalance_B": 0.22298722210476957,
      "total_reassignments": 3,
      "mean_lat_p50_ns": 2896.538228103019,
      "mean_lat_p95_ns": 3005.4776741106284,
      "mean_lat_p99_ns": 3030.7655858027374,
      "mean_lat_p999_ns": 3044.0743380820086,
      "mean_lat_max_ns": 3045.754710227137,
      "worst_lat_p99_ns": 33944.24893629827,
      "worst_lat_p999_ns": 34045.24399952989,
      "worst_lat_max_ns": 34060.422133892775
    }
  },
  "pred_qp_greedy": {
    "enabled_domains": {
      "stateless": true,
      "stateful": false
    },
    "epochs": {
      "stateless_epoch_bins": 3,
      "stateful_epoch_bins": 100,
      "delta_bin_ns": 10000.0,
      "stateless_epoch_ns": 30000.0,
      "stateful_epoch_ns": 1000000.0
    },
    "workload_realism": {
      "stateless": [
        {
          "domain": "stateless",
          "kind": "hadoop",
          "source": "hal_composite",
          "n_flows": 596,
          "target_gbps": 10.9,
          "realized_gbps_before": null,
          "realized_gbps": 10.304360894927319,
          "total_packets": 51976,
          "mean_pkt_bytes": 1486.8921810066183,
          "hal_mu": -4.18,
          "hal_sigma": 6.56,
          "hal_layer1_mean_gbps": 10.111206550417656,
          "hal_layer1_max_gbps": 100.0,
          "hal_link_clip_gbps": 100.0,
          "hal_rate_update_ns": 1000000.0,
          "mean_flow_bytes": 129668.97315436242,
          "rate_error_fraction": -0.05464578945620931,
          "warn_rate_mismatch": true
        }
      ]
    },
    "pcie": {
      "bandwidth_gbps": 64.0,
      "fifo_bytes": 262144,
      "total_accept_pkts": 0,
      "total_pcie_drops_stateless": 14348,
      "total_pcie_drops_stateful": 0
    },
    "stateless": {
      "domain": "stateless",
      "epochs": 2000,
      "aggregate_B_gen_GB": 0.077266208,
      "aggregate_B_adm_GB": 0.056013323,
      "aggregate_B_drop_GB": 0.021252885,
      "overall_drop_ratio": 0.2750605413429892,
      "mean_P_max": 0.02466003402262225,
      "p99_P_max": 0.4001464843749466,
      "mean_fairness_P": 0.13272658455467973,
      "mean_imbalance_B": 0.2279941995454012,
      "total_reassignments": 200,
      "mean_lat_p50_ns": 2897.8569688342354,
      "mean_lat_p95_ns": 3012.8566600299637,
      "mean_lat_p99_ns": 3040.4097654757734,
      "mean_lat_p999_ns": 3054.49792817856,
      "mean_lat_max_ns": 3056.2630879948524,
      "worst_lat_p99_ns": 34695.94952936158,
      "worst_lat_p999_ns": 34883.97940129751,
      "worst_lat_max_ns": 34911.946008846164
    }
  },
  "pred_qp_oneshot": {
    "enabled_domains": {
      "stateless": true,
      "stateful": false
    },
    "epochs": {
      "stateless_epoch_bins": 3,
      "stateful_epoch_bins": 100,
      "delta_bin_ns": 10000.0,
      "stateless_epoch_ns": 30000.0,
      "stateful_epoch_ns": 1000000.0
    },
    "workload_realism": {
      "stateless": [
        {
          "domain": "stateless",
          "kind": "hadoop",
          "source": "hal_composite",
          "n_flows": 596,
          "target_gbps": 10.9,
          "realized_gbps_before": null,
          "realized_gbps": 10.304360894927319,
          "total_packets": 51976,
          "mean_pkt_bytes": 1486.8921810066183,
          "hal_mu": -4.18,
          "hal_sigma": 6.56,
          "hal_layer1_mean_gbps": 10.111206550417656,
          "hal_layer1_max_gbps": 100.0,
          "hal_link_clip_gbps": 100.0,
          "hal_rate_update_ns": 1000000.0,
          "mean_flow_bytes": 129668.97315436242,
          "rate_error_fraction": -0.05464578945620931,
          "warn_rate_mismatch": true
        }
      ]
    },
    "pcie": {
      "bandwidth_gbps": 64.0,
      "fifo_bytes": 262144,
      "total_accept_pkts": 0,
      "total_pcie_drops_stateless": 14348,
      "total_pcie_drops_stateful": 0
    },
    "stateless": {
      "domain": "stateless",
      "epochs": 2000,
      "aggregate_B_gen_GB": 0.077266208,
      "aggregate_B_adm_GB": 0.056013323,
      "aggregate_B_drop_GB": 0.021252885,
      "overall_drop_ratio": 0.2750605413429892,
      "mean_P_max": 0.02369934248148921,
      "p99_P_max": 0.4169321986606679,
      "mean_fairness_P": 0.13346392169047322,
      "mean_imbalance_B": 0.2284650512585292,
      "total_reassignments": 28,