config,sl_drop_ratio,sl_mean_Pmax,sl_p99_Pmax,sl_mean_fair_P,sl_mean_fair_B,sl_mean_imbalance,sl_total_reassign,sl_rate_err_max,sl_mean_lat_p99_us,sl_mean_lat_p999_us,sl_worst_lat_p99_us,sl_worst_lat_max_us,sf_drop_ratio,sf_mean_Pmax,sf_mean_fair_P,sf_mean_fair_B,sf_mean_imbalance,sf_handoffs_committed,sf_rate_err_max,sf_mean_lat_p99_us,sf_mean_lat_p999_us,sf_worst_lat_p99_us,sf_worst_lat_max_us
pred_oneshot,0.00012120918280768952,0.07044815158438206,0.29414453125,0.4706838437734147,0.9128702799283829,0.1561073209893078,5,0.007884570596530693,122.86727140494057,123.29341403428297,512.6194003445347,512.96453502289,0.0,0.0,0.0,0.0,0.0,0,0.0,0.0,0.0,0.0,0.0
pred_qp_oneshot,0.000509078567792296,0.13792471080024574,0.3280734953703696,0.3905106906250615,0.8645820453353112,0.21096943032350146,5,0.007884570596530693,237.10723139729794,237.53134224723308,519.2339239475996,519.3036043682098,0.0,0.0,0.0,0.0,0.0,0,0.0,0.0,0.0,0.0,0.0
qp_oneshot,0.0006727109645826768,0.18249468743657574,0.3286941579433489,0.30608230851738766,0.8703883404373083,0.20863850140052378,9,0.007884570596530693,312.50285118269824,312.94628479098463,517.5442714601904,517.6679028546214,0.0,0.0,0.0,0.0,0.0,0,0.0,0.0,0.0,0.0,0.0
static,0.13242709267654118,0.42395704402387735,0.49083806818181525,0.2991069953654728,0.6543332364531159,0.39283641646452555,0,0.007884570596530693,505.98735519060637,506.27399826198587,520.418186548195,520.7810083953142,0.0,0.0,0.0,0.0,0.0,0,0.0,0.0,0.0,0.0,0.0
