{
  "enabled_domains": {
    "stateless": false,
    "stateful": true
  },
  "epochs": {
    "stateless_epoch_bins": 3,
    "stateful_epoch_bins": 100,
    "delta_bin_ns": 10000.0,
    "stateless_epoch_ns": 30000.0,
    "stateful_epoch_ns": 1000000.0
  },
  "workload_realism": {
    "stateful": [
      {
        "domain": "stateful",
        "kind": "cache_follower",
        "source": "rpc",
        "n_flows": 120,
        "target_gbps": 8.0,
        "realized_gbps_before": null,
        "realized_gbps": 8.512186819743906,
        "total_packets": 1436901,
        "mean_pkt_bytes": 1480.9974424125253,
        "mean_msg_bytes": 75779.7040481891,
        "think_time_mean_ns": 9032940.722544141,
        "rate_error_fraction": 0.06402335246798829,
        "warn_rate_mismatch": true
      },
      {
        "domain": "stateful",
        "kind": "hadoop",
        "source": "rpc",
        "n_flows": 64,
        "target_gbps": 12.0,
        "realized_gbps_before": null,
        "realized_gbps": 13.920353569039824,
        "total_packets": 2320307,
        "mean_pkt_bytes": 1499.8396307040405,
        "mean_msg_bytes": 7181938.33895646,
        "think_time_mean_ns": 300683818.4576438,
        "rate_error_fraction": 0.16002946408665197,
        "warn_rate_mismatch": true
      }
    ]
  },
  "pcie": {
    "bandwidth_gbps": 128.0,
    "fifo_bytes": 262144,
    "total_accept_pkts": 2759894,
    "total_pcie_drops_stateless": 0,
    "total_pcie_drops_stateful": 0
  },
  "stateful": {
    "domain": "stateful",
    "epochs": 2000,
    "aggregate_B_gen_GB": 5.6081351,
    "aggregate_B_adm_GB": 4.113034656,
    "aggregate_B_drop_GB": 0.43351082,
    "overall_drop_ratio": 0.07730035248259265,
    "mean_P_max": 0.27699135592076796,
    "p99_P_max": 0.6560129942886451,
    "mean_fairness_P": 0.3112185246780199,
    "mean_imbalance_B": 0.7277777585809437,
    "total_reassignments": 946,
    "mean_lat_p50_ns": 2020318.9189123039,
    "mean_lat_p95_ns": 2861059.6189025375,
    "mean_lat_p99_ns": 2962904.9818167905,
    "mean_lat_p999_ns": 3090627.18826316,
    "mean_lat_max_ns": 3151518.927809762,
    "worst_lat_p99_ns": 4319550.9426291175,
    "worst_lat_p999_ns": 4322017.474489892,
    "worst_lat_max_ns": 4322809.107862711
  },
  "handoffs_total": 946,
  "handoffs_mean_latency_ns": 100246.601528536
}