config,sl_drop_ratio,sl_mean_Pmax,sl_p99_Pmax,sl_mean_fair_P,sl_mean_fair_B,sl_mean_imbalance,sl_total_reassign,sl_rate_err_max,sl_mean_lat_p99_us,sl_mean_lat_p999_us,sl_worst_lat_p99_us,sl_worst_lat_max_us,sf_drop_ratio,sf_mean_Pmax,sf_mean_fair_P,sf_mean_fair_B,sf_mean_imbalance,sf_handoffs_committed,sf_rate_err_max,sf_mean_lat_p99_us,sf_mean_lat_p999_us,sf_worst_lat_p99_us,sf_worst_lat_max_us
proposed,0.0,0.0,0.0,0.0,0.0,0.0,0,0.0,0.0,0.0,0.0,0.0,0.0004049943739183623,0.04760969252277545,0.5810797750687452,0.9419982569919892,0.1269386116358689,13,0.004458117817625171,261.60295538631084,266.335244558668,1588.9335473174763,1596.1613081612493
static,0.0,0.0,0.0,0.0,0.0,0.0,0,0.0,0.0,0.0,0.0,0.0,0.13181314311123357,0.4350586495809697,0.2543584705848537,0.7532085564342198,0.3067081339396015,0,0.004458117817625171,1573.795081963606,1577.30053971971,1607.3331746212446,1610.3267337064146
