config,sl_drop_ratio,sl_mean_Pmax,sl_p99_Pmax,sl_mean_fairness,sl_mean_imbalance,sl_total_reassign,sl_rate_err_max,sl_mean_lat_p99_us,sl_mean_lat_p999_us,sl_worst_lat_p99_us,sl_worst_lat_max_us,sf_drop_ratio,sf_mean_Pmax,sf_mean_fairness,sf_mean_imbalance,sf_handoffs_committed,sf_rate_err_max,sf_mean_lat_p99_us,sf_mean_lat_p999_us,sf_worst_lat_p99_us,sf_worst_lat_max_us
pred_greedy,0.06404117970376406,0.12365068835946501,0.5038535156249989,0.3414821426845202,0.4104784719099947,1,0.19603790673270147,254.492058141771,254.71037943818516,825.0149076161204,825.1855967179686,0.0,0.0,0.0,0.0,0,0.0,0.0,0.0,0.0,0.0
pred_oneshot,0.06404117970376406,0.12365068835946501,0.5038535156249989,0.3414821426845202,0.4104784719099947,1,0.19603790673270147,254.492058141771,254.71037943818516,825.0149076161204,825.1855967179686,0.0,0.0,0.0,0.0,0,0.0,0.0,0.0,0.0,0.0
pred_qp_greedy,0.06124409194834825,0.1416486185281899,0.4999999999999933,0.2739626167161333,0.4985797277053932,1148,0.19603790673270147,299.17092178625654,299.5618687208203,823.8432831270087,824.0586630065962,0.0,0.0,0.0,0.0,0,0.0,0.0,0.0,0.0,0.0
pred_qp_oneshot,0.06103061658860885,0.10193920483887448,0.49999999999992517,0.31630133454854426,0.446887395783592,65,0.19603790673270147,202.3166554802376,202.57366169698236,823.283825106584,823.5864191299006,0.0,0.0,0.0,0.0,0,0.0,0.0,0.0,0.0,0.0
qp_greedy,0.061462999777867545,0.1787663332538955,0.49999999999998673,0.25547539758398524,0.4863763054952666,378,0.19603790673270147,403.6177771193603,404.2180463613563,823.8026350197215,824.0422750163805,0.0,0.0,0.0,0.0,0,0.0,0.0,0.0,0.0,0.0
qp_oneshot,0.06090089770095586,0.08366737466433523,0.40073242187498936,0.3284545645974163,0.45104610489826585,46,0.19603790673270147,170.748652088026,170.9919820528056,823.283825106584,823.5864191299006,0.0,0.0,0.0,0.0,0,0.0,0.0,0.0,0.0,0.0
static,0.06404117970376406,0.12461222998949563,0.5038535156249989,0.3295109940397326,0.4175206552314061,0,0.19603790673270147,254.80799379351495,255.02621881993628,825.0149076161204,825.1855967179686,0.0,0.0,0.0,0.0,0,0.0,0.0,0.0,0.0,0.0
