config,sl_drop_ratio,sl_mean_Pmax,sl_p99_Pmax,sl_mean_fairness,sl_mean_imbalance,sl_total_reassign,sl_rate_err_max,sl_mean_lat_p99_us,sl_mean_lat_p999_us,sl_worst_lat_p99_us,sl_worst_lat_max_us,sf_drop_ratio,sf_mean_Pmax,sf_mean_fairness,sf_mean_imbalance,sf_handoffs_committed,sf_rate_err_max,sf_mean_lat_p99_us,sf_mean_lat_p999_us,sf_worst_lat_p99_us,sf_worst_lat_max_us
pred_greedy,0.11428892110712333,0.4468197373562208,0.5619832359790567,0.6683806797886132,0.1422439629799967,2,0.0168722296444155,792.7278626019445,793.0257355826448,827.9921308573657,828.2562872056309,0.0,0.0,0.0,0.0,0,0.0,0.0,0.0,0.0,0.0
pred_oneshot,0.13723168855175835,0.45293942529032666,0.5570139851197268,0.6830469826515694,0.1884162972175102,3,0.0168722296444155,792.4559364778601,792.7461276297483,826.2684469092056,826.4855840705055,0.0,0.0,0.0,0.0,0,0.0,0.0,0.0,0.0,0.0
pred_qp_greedy,0.07904835102443454,0.3852641779072708,0.5264336108130515,0.8887287487048552,0.1459942962522338,28,0.0168722296444155,785.3003401475678,785.7080675531597,824.6082936092808,824.9833299971818,0.0,0.0,0.0,0.0,0,0.0,0.0,0.0,0.0,0.0
pred_qp_oneshot,0.08129009846791815,0.3792620507767848,0.5063959805149544,0.8980135324692449,0.15647534759994403,779,0.0168722296444155,790.2987688030223,790.7148992363183,825.5378235549181,825.8085319254157,0.0,0.0,0.0,0.0,0,0.0,0.0,0.0,0.0,0.0
qp_greedy,0.081786319425903,0.38054724207684454,0.5184959389726276,0.8838806460852886,0.14392541392033406,25,0.0168722296444155,776.4382296556391,776.8809391606703,825.7603913795549,826.0367381483484,0.0,0.0,0.0,0.0,0,0.0,0.0,0.0,0.0,0.0
qp_oneshot,0.0806351559497826,0.38216674067477135,0.5399399086715102,0.8894756962726813,0.17808600923848428,1212,0.0168722296444155,788.0878525766112,788.5285035589336,825.8285017247684,826.6413308948288,0.0,0.0,0.0,0.0,0,0.0,0.0,0.0,0.0,0.0
static,0.14873373450218008,0.49290847307588764,0.6005551487726783,0.6540339474793032,0.20057218008187003,0,0.0168722296444155,792.4136796220296,792.7013500789968,826.6968443355547,827.0074455333017,0.0,0.0,0.0,0.0,0,0.0,0.0,0.0,0.0,0.0
