{
  "pred_greedy": {
    "enabled_domains": {
      "stateless": true,
      "stateful": false
    },
    "epochs": {
      "stateless_epoch_bins": 3,
      "stateful_epoch_bins": 100,
      "delta_bin_ns": 10000.0,
      "stateless_epoch_ns": 30000.0,
      "stateful_epoch_ns": 1000000.0
    },
    "workload_realism": {
      "stateless": [
        {
          "domain": "stateless",
          "kind": "web_search",
          "source": "poisson_flow",
          "n_flows": 252,
          "target_gbps": 40.0,
          "realized_gbps_before": null,
          "realized_gbps": 47.84151626930806,
          "total_packets": 239327,
          "mean_pkt_bytes": 1499.2515595816603,
          "n_flows_realized": 252,
          "mean_flow_bytes": 1352069.218297223,
          "lambda_per_s": 3698.035523874236,
          "rate_error_fraction": 0.19603790673270147,
          "warn_rate_mismatch": true
        },
        {
          "domain": "stateless",
          "kind": "data_mining",
          "source": "poisson_flow",
          "n_flows": 1114,
          "target_gbps": 60.0,
          "realized_gbps_before": null,
          "realized_gbps": 53.91698643471689,
          "total_packets": 270260,
          "mean_pkt_bytes": 1496.2532561237326,
          "n_flows_realized": 1114,
          "mean_flow_bytes": 423187.1757628682,
          "lambda_per_s": 17722.65425217565,
          "rate_error_fraction": -0.10138355942138517,
          "warn_rate_mismatch": true
        }
      ]
    },
    "pcie": {
      "bandwidth_gbps": 128.0,
      "fifo_bytes": 262144,
      "total_accept_pkts": 0,
      "total_pcie_drops_stateless": 28325,
      "total_pcie_drops_stateful": 0
    },
    "stateless": {
      "domain": "stateless",
      "epochs": 2000,
      "aggregate_B_gen_GB": 0.763188783,
      "aggregate_B_adm_GB": 0.714131773,
      "aggregate_B_drop_GB": 0.04887551,
      "overall_drop_ratio": 0.06404117970376406,
      "mean_P_max": 0.12365068835946501,
      "p99_P_max": 0.5038535156249989,
      "mean_fairness_P": 0.3414821426845202,
      "mean_imbalance_B": 0.4104784719099947,
      "total_reassignments": 1,
      "mean_lat_p50_ns": 17466.910211413906,
      "mean_lat_p95_ns": 253759.68383023122,
      "mean_lat_p99_ns": 254492.058141771,
      "mean_lat_p999_ns": 254710.37943818516,
      "mean_lat_max_ns": 254739.269046673,
      "worst_lat_p99_ns": 825014.9076161203,
      "worst_lat_p999_ns": 825184.8662988404,
      "worst_lat_max_ns": 825185.5967179686
    }
  },
  "pred_oneshot": {
    "enabled_domains": {
      "stateless": true,
      "stateful": false
    },
    "epochs": {
      "stateless_epoch_bins": 3,
      "stateful_epoch_bins": 100,
      "delta_bin_ns": 10000.0,
      "stateless_epoch_ns": 30000.0,
      "stateful_epoch_ns": 1000000.0
    },
    "workload_realism": {
      "stateless": [
        {
          "domain": "stateless",
          "kind": "web_search",
          "source": "poisson_flow",
          "n_flows": 252,
          "target_gbps": 40.0,
          "realized_gbps_before": null,
          "realized_gbps": 47.84151626930806,
          "total_packets": 239327,
          "mean_pkt_bytes": 1499.2515595816603,
          "n_flows_realized": 252,
          "mean_flow_bytes": 1352069.218297223,
          "lambda_per_s": 3698.035523874236,
          "rate_error_fraction": 0.19603790673270147,
          "warn_rate_mismatch": true
        },
        {
          "domain": "stateless",
          "kind": "data_mining",
          "source": "poisson_flow",
          "n_flows": 1114,
          "target_gbps": 60.0,
          "realized_gbps_before": null,
          "realized_gbps": 53.91698643471689,
          "total_packets": 270260,
          "mean_pkt_bytes": 1496.2532561237326,
          "n_flows_realized": 1114,
          "mean_flow_bytes": 423187.1757628682,
          "lambda_per_s": 17722.65425217565,
          "rate_error_fraction": -0.10138355942138517,
          "warn_rate_mismatch": true
        }
      ]
    },
    "pcie": {
      "bandwidth_gbps": 128.0,
      "fifo_bytes": 262144,
      "total_accept_pkts": 0,
      "total_pcie_drops_stateless": 28325,
      "total_pcie_drops_stateful": 0
    },
    "stateless": {
      "domain": "stateless",
      "epochs": 2000,
      "aggregate_B_gen_GB": 0.763188783,
      "aggregate_B_adm_GB": 0.714131773,
      "aggregate_B_drop_GB": 0.04887551,
      "overall_drop_ratio": 0.06404117970376406,
      "mean_P_max": 0.12365068835946501,
      "p99_P_max": 0.5038535156249989,
      "mean_fairness_P": 0.3414821426845202,
      "mean_imbalance_B": 0.4104784719099947,
      "total_reassignments": 1,
      "mean_lat_p50_ns": 17466.910211413906,
      "mean_lat_p95_ns": 253759.68383023122,
      "mean_lat_p99_ns": 254492.058141771,
      "mean_lat_p999_ns": 254710.37943818516,
      "mean_lat_max_ns": 254739.269046673,
      "worst_lat_p99_ns": 825014.9076161203,
      "worst_lat_p999_ns": 825184.8662988404,
      "worst_lat_max_ns": 825185.5967179686
    }
  },
  "pred_qp_greedy": {
    "enabled_domains": {
      "stateless": true,
      "stateful": false
    },
    "epochs": {
      "stateless_epoch_bins": 3,
      "stateful_epoch_bins": 100,
      "delta_bin_ns": 10000.0,
      "stateless_epoch_ns": 30000.0,
      "stateful_epoch_ns": 1000000.0
    },
    "workload_realism": {
      "stateless": [
        {
          "domain": "stateless",
          "kind": "web_search",
          "source": "poisson_flow",
          "n_flows": 252,
          "target_gbps": 40.0,
          "realized_gbps_before": null,
          "realized_gbps": 47.84151626930806,
          "total_packets": 239327,
          "mean_pkt_bytes": 1499.2515595816603,
          "n_flows_realized": 252,
          "mean_flow_bytes": 1352069.218297223,
          "lambda_per_s": 3698.035523874236,
          "rate_error_fraction": 0.19603790673270147,
          "warn_rate_mismatch": true
        },
        {
          "domain": "stateless",
          "kind": "data_mining",
          "source": "poisson_flow",
          "n_flows": 1114,
          "target_gbps": 60.0,
          "realized_gbps_before": null,
          "realized_gbps": 53.91698643471689,
          "total_packets": 270260,
          "mean_pkt_bytes": 1496.2532561237326,
          "n_flows_realized": 1114,
          "mean_flow_bytes": 423187.1757628682,
          "lambda_per_s": 17722.65425217565,
          "rate_error_fraction": -0.10138355942138517,
          "warn_rate_mismatch": true
        }
      ]
    },
    "pcie": {
      "bandwidth_gbps": 128.0,
      "fifo_bytes": 262144,
      "total_accept_pkts": 0,
      "total_pcie_drops_stateless": 30606,
      "total_pcie_drops_stateful": 0
    },
    "stateless": {
      "domain": "stateless",
      "epochs": 2000,
      "aggregate_B_gen_GB": 0.763188783,
      "aggregate_B_adm_GB": 0.716243979,
      "aggregate_B_drop_GB": 0.046740804,
      "overall_drop_ratio": 0.06124409194834825,
      "mean_P_max": 0.1416486185281899,
      "p99_P_max": 0.4999999999999933,
      "mean_fairness_P": 0.2739626167161333,
      "mean_imbalance_B": 0.4985797277053932,
      "total_reassignments": 1148,
      "mean_lat_p50_ns": 53405.5416701566,
      "mean_lat_p95_ns": 293876.6151838504,
      "mean_lat_p99_ns": 299170.92178625654,
      "mean_lat_p999_ns": 299561.8687208203,
      "mean_lat_max_ns": 299601.7288401153,
      "worst_lat_p99_ns": 823843.2831270087,
      "worst_lat_p999_ns": 824028.2921384231,
      "worst_lat_max_ns": 824058.6630065963
    }
  },
  "pred_qp_oneshot": {
    "enabled_domains": {
      "stateless": true,
      "stateful": false
    },
    "epochs": {
      "stateless_epoch_bins": 3,
      "stateful_epoch_bins": 100,
      "delta_bin_ns": 10000.0,
      "stateless_epoch_ns": 30000.0,
      "stateful_epoch_ns": 1000000.0
    },
    "workload_realism": {
      "stateless": [
        {
          "domain": "stateless",
          "kind": "web_search",
          "source": "poisson_flow",
          "n_flows": 252,