{
  "enabled_domains": {
    "stateless": true,
    "stateful": false
  },
  "epochs": {
    "stateless_epoch_bins": 3,
    "stateful_epoch_bins": 100,
    "delta_bin_ns": 10000.0,
    "stateless_epoch_ns": 30000.0,
    "stateful_epoch_ns": 1000000.0
  },
  "workload_realism": {
    "stateless": [
      {
        "domain": "stateless",
        "kind": "web_search",
        "source": "poisson_flow",
        "n_flows": 252,
        "target_gbps": 40.0,
        "realized_gbps_before": null,
        "realized_gbps": 47.84151626930806,
        "total_packets": 239327,
        "mean_pkt_bytes": 1499.2515595816603,
        "n_flows_realized": 252,
        "mean_flow_bytes": 1352069.218297223,
        "lambda_per_s": 3698.035523874236,
        "rate_error_fraction": 0.19603790673270147,
        "warn_rate_mismatch": true
      },
      {
        "domain": "stateless",
        "kind": "data_mining",
        "source": "poisson_flow",
        "n_flows": 1114,
        "target_gbps": 60.0,
        "realized_gbps_before": null,
        "realized_gbps": 53.91698643471689,
        "total_packets": 270260,
        "mean_pkt_bytes": 1496.2532561237326,
        "n_flows_realized": 1114,
        "mean_flow_bytes": 423187.1757628682,
        "lambda_per_s": 17722.65425217565,
        "rate_error_fraction": -0.10138355942138517,
        "warn_rate_mismatch": true
      }
    ]
  },
  "pcie": {
    "bandwidth_gbps": 128.0,
    "fifo_bytes": 262144,
    "total_accept_pkts": 0,
    "total_pcie_drops_stateless": 30890,
    "total_pcie_drops_stateful": 0
  },
  "stateless": {
    "domain": "stateless",
    "epochs": 2000,
    "aggregate_B_gen_GB": 0.763188783,
    "aggregate_B_adm_GB": 0.71653156,
    "aggregate_B_drop_GB": 0.046478882,
    "overall_drop_ratio": 0.06090089770095586,
    "mean_P_max": 0.08366737466433523,
    "p99_P_max": 0.40073242187498936,
    "mean_fairness_P": 0.3284545645974163,
    "mean_imbalance_B": 0.45104610489826585,
    "total_reassignments": 46,
    "mean_lat_p50_ns": 15512.76894532237,
    "mean_lat_p95_ns": 169897.1766793133,
    "mean_lat_p99_ns": 170748.652088026,
    "mean_lat_p999_ns": 170991.9820528056,
    "mean_lat_max_ns": 171024.89058677148,
    "worst_lat_p99_ns": 823283.825106584,
    "worst_lat_p999_ns": 823583.5966915832,
    "worst_lat_max_ns": 823586.4191299006
  }
}