{
  "enabled_domains": {
    "stateless": false,
    "stateful": true
  },
  "epochs": {
    "stateless_epoch_bins": 3,
    "stateful_epoch_bins": 100,
    "delta_bin_ns": 10000.0,
    "stateless_epoch_ns": 30000.0,
    "stateful_epoch_ns": 1000000.0
  },
  "workload_realism": {
    "stateful": [
      {
        "domain": "stateful",
        "kind": "synthetic_sustained",
        "source": "synthetic_sustained",
        "n_flows": 3979,
        "n_elephants": 32,
        "n_mice": 3948,
        "target_gbps": 11.547938045363955,
        "realized_gbps_before": null,
        "realized_gbps": 11.496455977007086,
        "total_packets": 479019,
        "mean_pkt_bytes": 1500.0,
        "synth_elephant_total_gbps": 10.0,
        "synth_mice_arrival_rate_per_sec": 8000.0,
        "synth_mice_mean_flow_bytes": 24000.0,
        "synth_mice_per_flow_gbps": 0.2,
        "synth_mice_aggregate_gbps_nominal": 1.547938045363955,
        "rate_error_fraction": -0.004458117817625171,
        "warn_rate_mismatch": false
      }
    ]
  },
  "pcie": {
    "bandwidth_gbps": 128.0,
    "fifo_bytes": 262144,
    "total_accept_pkts": 415878,
    "total_pcie_drops_stateless": 0,
    "total_pcie_drops_stateful": 0
  },
  "stateful": {
    "domain": "stateful",
    "epochs": 500,
    "aggregate_B_gen_GB": 0.7185285,
    "aggregate_B_adm_GB": 0.623817,
    "aggregate_B_drop_GB": 0.0947115,
    "overall_drop_ratio": 0.13181314311123357,
    "mean_P_max": 0.4350586495809697,
    "p99_P_max": 0.4874458129517694,
    "mean_fairness_P": 0.2543584705848537,
    "mean_fairness_B": 0.7532085564342198,
    "mean_imbalance_B": 0.3067081339396015,
    "total_reassignments": 0,
    "mean_lat_p50_ns": 17984.190194636274,
    "mean_lat_p95_ns": 1567556.8148424223,
    "mean_lat_p99_ns": 1573795.081963606,
    "mean_lat_p999_ns": 1577300.5397197101,
    "mean_lat_max_ns": 1578175.097516823,
    "worst_lat_p99_ns": 1607333.1746212447,
    "worst_lat_p999_ns": 1610248.7297573953,
    "worst_lat_max_ns": 1610326.7337064147
  },
  "handoffs_total": 0,
  "handoffs_mean_latency_ns": 0.0
}