config,sl_drop_ratio,sl_mean_Pmax,sl_p99_Pmax,sl_mean_fairness,sl_mean_imbalance,sl_total_reassign,sl_rate_err_max,sl_mean_lat_p99_us,sl_mean_lat_p999_us,sl_worst_lat_p99_us,sl_worst_lat_max_us,sf_drop_ratio,sf_mean_Pmax,sf_mean_fairness,sf_mean_imbalance,sf_handoffs_committed,sf_rate_err_max,sf_mean_lat_p99_us,sf_mean_lat_p999_us,sf_worst_lat_p99_us,sf_worst_lat_max_us
proposed,0.0,0.0,0.0,0.0,0.0,0,0.0,0.0,0.0,0.0,0.0,0.07730035248259265,0.27699135592076796,0.3112185246780199,0.7277777585809437,946,0.16002946408665197,2962.9049818167905,3090.62718826316,4319.550942629117,4322.809107862711
static,0.0,0.0,0.0,0.0,0.0,0,0.0,0.0,0.0,0.0,0.0,0.3156792208875282,0.43316040028569985,0.2503880685984673,0.7221520112169638,0,0.16002946408665197,3535.397862277441,3562.290011937111,4323.539511884689,4324.4681516492365
