{
  "stateless": {
    "domain": "stateless",
    "epochs": 500,
    "aggregate_B_gen_GB": 0.356377753,
    "aggregate_B_adm_GB": 0.229185722,
    "aggregate_B_drop_GB": 0.127192031,
    "overall_drop_ratio": 0.35690227554692505,
    "mean_P_max": 0.5867304270628487,
    "p99_P_max": 0.6657180051216245,
    "mean_jain_P": 0.9603871604075939,
    "mean_gini_B_gen": 0.15034467090276102,
    "total_reassignments": 834
  },
  "stateful": {
    "domain": "stateful",
    "epochs": 500,
    "aggregate_B_gen_GB": 0.090657691,
    "aggregate_B_adm_GB": 0.090503063,
    "aggregate_B_drop_GB": 0.000154628,
    "overall_drop_ratio": 0.0017056247329308221,
    "mean_P_max": 0.0021151973443953474,
    "p99_P_max": 0.07980526149260403,
    "mean_jain_P": 0.5233874713475092,
    "mean_gini_B_gen": 0.23957518486796037,
    "total_reassignments": 0
  },
  "handoffs_total": 0,
  "handoffs_mean_latency_ns": 0.0,
  "pcie": {
    "bandwidth_gbps": 64.0,
    "fifo_bytes": 262144,
    "total_accept_pkts": 1419776,
    "total_pcie_drops_stateless": 218,
    "total_pcie_drops_stateful": 104
  }
}