{
  "enabled_domains": {
    "stateless": false,
    "stateful": true
  },
  "epochs": {
    "stateless_epoch_bins": 3,
    "stateful_epoch_bins": 100,
    "delta_bin_ns": 10000.0,
    "stateless_epoch_ns": 30000.0,
    "stateful_epoch_ns": 1000000.0
  },
  "workload_realism": {
    "stateful": [
      {
        "domain": "stateful",
        "kind": "synthetic_sustained",
        "source": "synthetic_sustained",
        "n_flows": 3979,
        "n_elephants": 32,
        "n_mice": 3948,
        "target_gbps": 11.547938045363955,
        "realized_gbps_before": null,
        "realized_gbps": 11.496455977007086,
        "total_packets": 479019,
        "mean_pkt_bytes": 1500.0,
        "synth_elephant_total_gbps": 10.0,
        "synth_mice_arrival_rate_per_sec": 8000.0,
        "synth_mice_mean_flow_bytes": 24000.0,
        "synth_mice_per_flow_gbps": 0.2,
        "synth_mice_aggregate_gbps_nominal": 1.547938045363955,
        "rate_error_fraction": -0.004458117817625171,
        "warn_rate_mismatch": false
      }
    ]
  },
  "pcie": {
    "bandwidth_gbps": 128.0,
    "fifo_bytes": 262144,
    "total_accept_pkts": 478328,
    "total_pcie_drops_stateless": 0,
    "total_pcie_drops_stateful": 0
  },
  "stateful": {
    "domain": "stateful",
    "epochs": 500,
    "aggregate_B_gen_GB": 0.7185285,
    "aggregate_B_adm_GB": 0.717492,
    "aggregate_B_drop_GB": 0.000291,
    "overall_drop_ratio": 0.0004049943739183623,
    "mean_P_max": 0.04760969252277545,
    "p99_P_max": 0.3321486931569367,
    "mean_fairness_P": 0.5810797750687452,
    "mean_fairness_B": 0.9419982569919892,
    "mean_imbalance_B": 0.1269386116358689,
    "total_reassignments": 13,
    "mean_lat_p50_ns": 73509.20037843064,
    "mean_lat_p95_ns": 253218.7891825149,
    "mean_lat_p99_ns": 261602.95538631084,
    "mean_lat_p999_ns": 266335.244558668,
    "mean_lat_max_ns": 267545.7289460658,
    "worst_lat_p99_ns": 1588933.5473174762,
    "worst_lat_p999_ns": 1595709.2355007469,
    "worst_lat_max_ns": 1596161.3081612494
  },
  "handoffs_total": 13,
  "handoffs_mean_latency_ns": 97539.91707995572
}