{
  "stateless": {
    "domain": "stateless",
    "epochs": 500,
    "aggregate_B_gen_GB": 0.258973168,
    "aggregate_B_adm_GB": 0.199739967,
    "aggregate_B_drop_GB": 0.059233201,
    "overall_drop_ratio": 0.2287233131426187,
    "mean_P_max": 0.5542464346320046,
    "p99_P_max": 0.6813260162718693,
    "mean_fairness_P": 0.9156371714275917,
    "mean_imbalance_B": 0.25537240006602285,
    "total_reassignments": 391
  },
  "stateful": {
    "domain": "stateful",
    "epochs": 500,
    "aggregate_B_gen_GB": 0.11696511,
    "aggregate_B_adm_GB": 0.10962101,
    "aggregate_B_drop_GB": 0.005353904,
    "overall_drop_ratio": 0.04577351314421882,
    "mean_P_max": 0.34623952750686715,
    "p99_P_max": 0.6916347084246022,
    "mean_fairness_P": 0.6561388473565491,
    "mean_imbalance_B": 0.42400286058735287,
    "total_reassignments": 53
  },
  "handoffs_total": 53,
  "handoffs_mean_latency_ns": 99605.87568433542,
  "pcie": {
    "bandwidth_gbps": 128.0,
    "fifo_bytes": 262144,
    "total_accept_pkts": 1191617,
    "total_pcie_drops_stateless": 0,
    "total_pcie_drops_stateful": 0
  }
}